trial,type,arc,id,stim_loc,date,time,obstacle,file
1,Herm,0,4,-32,2021-02-01,11:24,marbles,G1D_0_obstacle/WIN_20210201_11_24_19_Pro
2,Herm,0,6,148,2021-02-04,16:55,marbles,G1D_0_obstacle/WIN_20210201_11_32_56_Pro
3,Herm,0,9,49,2021-02-01,11:32,marbles,G1D_0_obstacle/WIN_20210204_16_55_13_Pro
4,Herm,0,32,266,2021-02-04,17:12,marbles,G1D_0_obstacle/WIN_20210204_17_12_38_Pro
5,Herm,0,20,75,2021-02-04,17:30,marbles,G1D_0_obstacle/WIN_20210204_17_30_19_Pro
6,Herm,0,23,263,2021-02-04,17:44,marbles,G1D_0_obstacle/WIN_20210204_17_44_09_Pro
7,Herm,0,3,130,2021-02-04,17:54,marbles,G1D_0_obstacle/WIN_20210204_17_54_23_Pro
8,Herm,0,37,136,2021-02-04,18:07,marbles,G1D_0_obstacle/WIN_20210204_18_07_28_Pro
9,Herm,0,34,147,2021-02-04,18:15,marbles,G1D_0_obstacle/WIN_20210204_18_16_38_Pro
10,Herm,0,2,117,2021-03-12,11:18,marbles,G1D_0_obstacle/WIN_20210312_11_18_59_Pro
11,Herm,0,30,-83,2021-03-12,11:29,marbles,G1D_0_obstacle/WIN_20210312_11_29_15_Pro
12,Herm,0,14,135,2021-03-12,11:36,marbles,G1D_0_obstacle/WIN_20210312_11_36_48_Pro
13,Herm,0,33,51,2021-03-12,11:46,marbles,G1D_0_obstacle/WIN_20210312_11_46_19_Pro
14,Herm,0,8,174,2021-03-12,12:01,marbles,G1D_0_obstacle/WIN_20210312_12_01_32_Pro
15,Herm,0,44,-55,2021-03-12,12:09,marbles,G1D_0_obstacle/WIN_20210312_12_09_32_Pro
16,Herm,0,43,160,2021-03-12,12:20,marbles,G1D_0_obstacle/WIN_20210312_12_20_23_Pro
17,Herm,0,46,50,2021-03-12,18:31,marbles,G1D_0_obstacle/WIN_20210312_18_31_32_Pro
18,Herm,0,47,-78,2021-03-12,18:42,marbles,G1D_0_obstacle/WIN_20210312_18_43_05_Pro
19,Herm,0,49,50,2021-03-12,18:53,marbles,G1D_0_obstacle/WIN_20210312_18_54_02_Pro
20,Herm,0,50,-9,2021-03-12,19:02,marbles,G1D_0_obstacle/WIN_20210312_19_02_15_Pro
21,Herm,0,45,155,2021-03-12,19:12,marbles,G1D_0_obstacle/WIN_20210312_19_12_22_Pro
22,Herm,0,48,214,2021-03-12,19:18,marbles,G1D_0_obstacle/WIN_20210312_19_18_26_Pro
23,Herm,0,35,255,2021-03-14,13:07,marbles,G1D_0_obstacle/WIN_20210314_13_08_34_Pro
24,Herm,0,38,31,2021-03-14,13:15,marbles,G1D_0_obstacle/WIN_20210314_13_15_15_Pro
25,Herm,0,10,122,2021-03-14,13:26,marbles,G1D_0_obstacle/WIN_20210314_13_26_55_Pro
26,Herm,0,28,-74,2021-03-14,13:45,marbles,G1D_0_obstacle/WIN_20210314_13_45_19_Pro
27,Herm,0,15,-1,2021-03-14,13:58,marbles,G1D_0_obstacle/WIN_20210314_13_58_10_Pro
28,Herm,0,7,48,2021-03-14,14:06,marbles,G1D_0_obstacle/WIN_20210314_14_06_53_Pro
29,Herm,0,16,228,2021-03-14,14:16,marbles,G1D_0_obstacle/WIN_20210314_14_16_40_Pro
30,Herm,0,27,191,2021-03-14,14:28,marbles,G1D_0_obstacle/WIN_20210314_14_28_43_Pro
31,Herm,0,36,-1,2021-03-14,14:38,marbles,G1D_0_obstacle/WIN_20210314_14_39_03_Pro
32,Herm,0,17,250,2021-03-14,14:53,marbles,G1D_0_obstacle/WIN_20210314_14_53_40_Pro
33,Herm,0,26,-77,2021-03-14,15:01,marbles,G1D_0_obstacle/WIN_20210314_15_01_50_Pro
34,Herm,0,42,174,2021-03-14,15:13,marbles,G1D_0_obstacle/WIN_20210314_15_13_52_Pro
35,Herm,0,29,224,2021-03-14,15:21,marbles,G1D_0_obstacle/WIN_20210314_15_21_12_Pro
36,Herm,0,24,182,2021-03-14,15:33,marbles,G1D_0_obstacle/WIN_20210314_15_33_26_Pro
37,Herm,0,25,268,2021-03-14,15:48,marbles,G1D_0_obstacle/WIN_20210314_15_48_50_Pro
38,Herm,0,11,170,2021-03-14,15:58,marbles,G1D_0_obstacle/WIN_20210314_15_58_22_Pro
39,Herm,0,21,107,2021-03-14,16:08,marbles,G1D_0_obstacle/WIN_20210314_16_08_37_Pro
40,Herm,0,13,89,2021-03-14,16:23,marbles,G1D_0_obstacle/WIN_20210314_16_24_02_Pro
41,Herm,0,22,35,2021-03-14,16:36,marbles,G1D_0_obstacle/WIN_20210314_16_36_26_Pro
42,Herm,0,5,81,2021-03-14,16:51,marbles,G1D_0_obstacle/WIN_20210314_16_52_04_Pro
43,Herm,0,1,214,2021-03-14,17:00,marbles,G1D_0_obstacle/WIN_20210314_17_00_44_Pro
44,Herm,0,41,60,2021-03-14,17:12,marbles,G1D_0_obstacle/WIN_20210314_17_12_20_Pro
45,Herm,0,19,120,2021-03-14,17:21,marbles,G1D_0_obstacle/WIN_20210314_17_22_07_Pro
46,Herm,0,39,112,2021-03-14,17:30,marbles,G1D_0_obstacle/WIN_20210314_17_30_52_Pro
47,Herm,0,18,266,2021-03-14,17:37,marbles,G1D_0_obstacle/WIN_20210314_17_38_05_Pro
48,Herm,0,12,219,2021-03-14,17:52,marbles,G1D_0_obstacle/WIN_20210314_17_52_38_Pro
49,Herm,0,31,-75,2021-03-14,18:00,marbles,G1D_0_obstacle/WIN_20210314_18_01_28_Pro
50,Herm,15,30,147,2021-01-29,10:51,marbles,G1D_15_obstacle/WIN_20210129_10_52_02_Pro
51,Herm,15,10,268,2021-03-10,16:08,marbles,G1D_15_obstacle/WIN_20210310_16_08_18_Pro
52,Herm,15,8,11,2021-01-29,11:24,marbles,G1D_15_obstacle/WIN_20210129_11_25_07_Pro
53,Herm,15,40,135,2021-01-29,11:43,marbles,G1D_15_obstacle/WIN_20210129_11_43_00_Pro
54,Herm,15,36,144,2021-01-29,11:51,marbles,G1D_15_obstacle/WIN_20210129_11_50_22_Pro
55,Herm,15,33,357,2021-01-29,12:00,marbles,G1D_15_obstacle/WIN_20210129_12_04_17_Pro
56,Herm,15,18,206,2021-01-29,12:11,marbles,G1D_15_obstacle/WIN_20210129_12_11_12_Pro
57,Herm,15,4,321,2021-01-29,12:18,marbles,G1D_15_obstacle/WIN_20210129_12_18_55_Pro_COMB
58,Herm,15,16,304,2021-01-29,12:26,marbles,G1D_15_obstacle/WIN_20210129_12_26_43_Pro
59,Herm,15,34,283,2021-01-29,12:36,marbles,G1D_15_obstacle/WIN_20210129_12_36_35_Pro
60,Herm,15,15,86,2021-01-29,12:44,marbles,G1D_15_obstacle/WIN_20210129_12_44_58_Pro
61,Herm,15,1,207,2021-01-29,12:54,marbles,G1D_15_obstacle/WIN_20210129_13_00_30_Pro
62,Herm,15,3,59,2021-01-29,13:10,marbles,G1D_15_obstacle/WIN_20210129_13_10_47_Pro
63,Herm,15,11,134,2021-01-29,13:22,marbles,G1D_15_obstacle/WIN_20210129_13_23_27_Pro
64,Herm,15,2,269,2021-01-29,13:32,marbles,G1D_15_obstacle/WIN_20210129_13_32_28_Pro
65,Herm,15,37,218,2021-01-29,13:44,marbles,G1D_15_obstacle/WIN_20210129_13_44_57_Pro
66,Herm,15,29,117,2021-01-29,17:33,marbles,G1D_15_obstacle/WIN_20210129_17_33_10_Pro
67,Herm,15,24,103,2021-01-29,17:42,marbles,G1D_15_obstacle/WIN_20210129_17_42_11_Pro
68,Herm,15,5,280,2021-01-29,18:03,marbles,G1D_15_obstacle/WIN_20210129_18_03_36_Pro
69,Herm,15,9,27,2021-01-29,18:12,marbles,G1D_15_obstacle/WIN_20210129_18_12_11_Pro
70,Herm,15,6,350,2021-02-01,10:35,marbles,G1D_15_obstacle/WIN_20210201_10_33_58_Pro
71,Herm,15,19,23,2021-02-01,10:47,marbles,G1D_15_obstacle/WIN_20210201_10_47_53_Pro
72,Herm,15,28,278,2021-02-01,10:56,marbles,G1D_15_obstacle/WIN_20210201_10_56_22_Pro
73,Herm,15,38,146,2021-03-09,18:38,marbles,G1D_15_obstacle/WIN_20210309_18_39_03_Pro
74,Herm,15,31,341,2021-03-09,18:46,marbles,G1D_15_obstacle/WIN_20210309_18_46_40_Pro
75,Herm,15,43,176,2021-03-10,10:26,marbles,G1D_15_obstacle/WIN_20210310_10_26_32_Pro
76,Herm,15,13,283,2021-03-10,10:44,marbles,G1D_15_obstacle/WIN_20210310_10_45_08_Pro
77,Herm,15,26,339,2021-03-10,14:42,marbles,G1D_15_obstacle/WIN_20210310_14_42_32_Pro
78,Herm,15,21,94,2021-03-10,14:51,marbles,G1D_15_obstacle/WIN_20210310_14_52_06_Pro
79,Herm,15,42,291,2021-03-10,15:07,marbles,G1D_15_obstacle/WIN_20210310_15_07_50_Pro
80,Herm,15,23,60,2021-03-10,15:15,marbles,G1D_15_obstacle/WIN_20210310_15_15_20_Pro
81,Herm,15,20,269,2021-03-10,15:24,marbles,G1D_15_obstacle/WIN_20210310_15_24_40_Pro
82,Herm,15,41,103,2021-03-10,15:43,marbles,G1D_15_obstacle/WIN_20210310_15_43_41_Pro
83,Herm,15,22,339,2021-03-10,16:28,marbles,G1D_15_obstacle/WIN_20210310_16_28_09_Pro
84,Herm,15,44,99,2021-03-10,16:45,marbles,G1D_15_obstacle/WIN_20210310_16_44_49_Pro
85,Herm,15,39,235,2021-03-10,16:57,marbles,G1D_15_obstacle/WIN_20210310_16_57_42_Pro
86,Herm,15,32,211,2021-03-10,17:04,marbles,G1D_15_obstacle/WIN_20210310_17_04_44_Pro
87,Herm,15,47,300,2021-03-10,17:14,marbles,G1D_15_obstacle/WIN_20210310_17_14_44_Pro
88,Herm,15,50,215,2021-03-10,17:30,marbles,G1D_15_obstacle/WIN_20210310_17_30_45_Pro
89,Herm,15,25,176,2021-03-10,18:30,marbles,G1D_15_obstacle/WIN_20210310_18_30_27_Pro
90,Herm,15,45,123,2021-03-10,18:43,marbles,G1D_15_obstacle/WIN_20210310_18_43_46_Pro
91,Herm,15,17,303,2021-03-15,11:39,marbles,G1D_15_obstacle/WIN_20210315_11_39_48_Pro
92,Herm,15,35,266,2021-03-15,11:49,marbles,G1D_15_obstacle/WIN_20210315_11_49_15_Pro
93,Herm,15,49,49,2021-03-15,11:56,marbles,G1D_15_obstacle/WIN_20210315_11_56_36_Pro
94,Herm,15,14,326,2021-03-15,12:03,marbles,G1D_15_obstacle/WIN_20210315_12_03_29_Pro
95,Herm,15,27,152,2021-03-15,12:10,marbles,G1D_15_obstacle/WIN_20210315_12_10_59_Pro
96,Herm,15,12,338,2021-03-15,12:17,marbles,G1D_15_obstacle/WIN_20210315_12_17_22_Pro
97,Herm,15,46,149,2021-03-15,12:32,marbles,G1D_15_obstacle/WIN_20210315_12_32_26_Pro
98,Herm,15,48,246,2021-03-15,12:43,marbles,G1D_15_obstacle/WIN_20210315_12_43_56_Pro
99,Herm,30,17,209,2021-01-21,9:52,marbles,G1D_30_obstacle/WIN_20210121_09_52_24_Pro
100,Herm,30,38,256,2021-01-21,10:49,marbles,G1D_30_obstacle/WIN_20210121_10_49_42_Pro
101,Herm,30,9,52,2021-01-21,10:58,marbles,G1D_30_obstacle/WIN_20210121_10_58_50_Pro
102,Herm,30,33,323,2021-01-21,11:10,marbles,G1D_30_obstacle/WIN_20210121_11_10_09_Pro
103,Herm,30,32,288,2021-01-21,11:22,marbles,G1D_30_obstacle/WIN_20210121_11_22_39_Pro_COMB
104,Herm,30,29,177,2021-01-21,11:41,marbles,G1D_30_obstacle/WIN_20210121_11_41_16_Pro
105,Herm,30,35,238,2021-01-21,11:52,marbles,G1D_30_obstacle/WIN_20210121_11_52_12_Pro
106,Herm,30,42,200,2021-01-21,11:59,marbles,G1D_30_obstacle/WIN_20210121_11_59_17_Pro
107,Herm,30,8,117,2021-01-21,12:09,marbles,G1D_30_obstacle/WIN_20210121_12_09_24_Pro
108,Herm,30,20,274,2021-01-21,12:19,marbles,G1D_30_obstacle/WIN_20210121_12_19_04_Pro
109,Herm,30,36,71,2021-01-21,12:32,marbles,G1D_30_obstacle/WIN_20210121_12_32_23_Pro
110,Herm,30,25,354,2021-01-21,12:38,marbles,G1D_30_obstacle/WIN_20210121_12_39_02_Pro
111,Herm,30,23,243,2021-01-21,12:49,marbles,G1D_30_obstacle/WIN_20210121_12_49_28_Pro
112,Herm,30,16,277,2021-01-21,14:53,marbles,G1D_30_obstacle/WIN_20210121_14_53_54_Pro
113,Herm,30,15,314,2021-01-21,15:03,marbles,G1D_30_obstacle/WIN_20210121_15_03_58_Pro
114,Herm,30,11,126,2021-01-21,15:13,marbles,G1D_30_obstacle/WIN_20210121_15_13_35_Pro
115,Herm,30,14,68,2021-01-21,15:22,marbles,G1D_30_obstacle/WIN_20210121_15_22_48_Pro
116,Herm,30,34,261,2021-01-21,15:30,marbles,G1D_30_obstacle/WIN_20210121_15_31_06_Pro
117,Herm,30,24,82,2021-01-21,15:39,marbles,G1D_30_obstacle/WIN_20210121_15_39_58_Pro
118,Herm,30,2,134,2021-01-21,15:50,marbles,G1D_30_obstacle/WIN_20210121_15_50_23_Pro
119,Herm,30,30,185,2021-01-21,16:00,marbles,G1D_30_obstacle/WIN_20210121_16_01_02_Pro
120,Herm,30,27,11,2021-01-21,16:13,marbles,G1D_30_obstacle/WIN_20210121_16_13_36_Pro
121,Herm,30,21,169,2021-01-21,16:24,marbles,G1D_30_obstacle/WIN_20210121_16_24_49_Pro
122,Herm,30,40,109,2021-01-21,16:36,marbles,G1D_30_obstacle/WIN_20210121_16_36_25_Pro
123,Herm,30,7,304,2021-01-21,16:44,marbles,G1D_30_obstacle/WIN_20210121_16_44_33_Pro
124,Herm,30,37,99,2021-01-21,17:00,marbles,G1D_30_obstacle/WIN_20210121_17_00_59_Pro
125,Herm,30,10,64,2021-01-21,17:15,marbles,G1D_30_obstacle/WIN_20210121_17_15_55_Pro
126,Herm,30,6,226,2021-01-21,17:32,marbles,G1D_30_obstacle/WIN_20210121_17_32_50_Pro
127,Herm,30,26,201,2021-01-21,17:48,marbles,G1D_30_obstacle/WIN_20210121_17_46_39_Pro
128,Herm,30,28,336,2021-01-21,17:53,marbles,G1D_30_obstacle/WIN_20210121_17_53_57_Pro
129,Herm,30,3,172,2021-03-13,10:29,marbles,G1D_30_obstacle/WIN_20210313_10_29_23_Pro
130,Herm,30,43,23,2021-03-13,10:41,marbles,G1D_30_obstacle/WIN_20210313_10_41_54_Pro
131,Herm,30,39,204,2021-03-13,10:58,marbles,G1D_30_obstacle/WIN_20210313_10_59_05_Pro
132,Herm,30,48,187,2021-03-13,11:09,marbles,G1D_30_obstacle/WIN_20210313_11_09_50_Pro
133,Herm,30,47,252,2021-03-13,11:21,marbles,G1D_30_obstacle/WIN_20210313_11_21_19_Pro
134,Herm,30,19,261,2021-03-13,12:12,marbles,G1D_30_obstacle/WIN_20210313_12_12_27_Pro
135,Herm,30,22,324,2021-03-13,12:21,marbles,G1D_30_obstacle/WIN_20210313_12_21_48_Pro
136,Herm,30,49,67,2021-03-13,12:33,marbles,G1D_30_obstacle/WIN_20210313_12_33_15_Pro
137,Herm,30,5,205,2021-03-13,12:40,marbles,G1D_30_obstacle/WIN_20210313_12_40_35_Pro
138,Herm,30,12,250,2021-03-13,12:50,marbles,G1D_30_obstacle/WIN_20210313_12_50_24_Pro
139,Herm,30,44,87,2021-03-13,13:02,marbles,G1D_30_obstacle/WIN_20210313_13_02_48_Pro
140,Herm,30,18,23,2021-03-13,13:12,marbles,G1D_30_obstacle/WIN_20210313_13_13_05_Pro
141,Herm,30,1,280,2021-03-13,13:34,marbles,G1D_30_obstacle/WIN_20210313_13_34_18_Pro
142,Herm,30,50,300,2021-03-13,13:47,marbles,G1D_30_obstacle/WIN_20210313_13_47_49_Pro
143,Herm,30,13,58,2021-03-13,13:56,marbles,G1D_30_obstacle/WIN_20210313_13_57_06_Pro
144,Herm,30,4,314,2021-03-13,14:03,marbles,G1D_30_obstacle/WIN_20210313_14_03_41_Pro
145,Herm,30,45,230,2021-03-13,14:13,marbles,G1D_30_obstacle/WIN_20210313_14_13_37_Pro
146,Herm,30,41,161,2021-03-13,14:26,marbles,G1D_30_obstacle/WIN_20210313_14_26_33_Pro
147,Herm,30,31,65,2021-03-13,14:36,marbles,G1D_30_obstacle/WIN_20210313_14_36_49_Pro
148,Herm,30,46,337,2021-03-13,14:46,marbles,G1D_30_obstacle/WIN_20210313_14_46_18_Pro
149,Herm,45,12,318,2021-01-20,12:21,marbles,G1D_45_obstacle/WIN_20210120_12_24_11_Pro.1
150,Herm,45,33,317,2021-01-20,12:35,marbles,G1D_45_obstacle/WIN_20210120_12_34_45_Pro.1
151,Herm,45,20,23,2021-01-20,12:46,marbles,G1D_45_obstacle/WIN_20210120_12_46_19_Pro.1
152,Herm,45,28,266,2021-01-20,12:58,marbles,G1D_45_obstacle/WIN_20210120_12_58_39_Pro.1
153,Herm,45,11,353,2021-01-20,15:12,marbles,G1D_45_obstacle/WIN_20210120_15_11_48_Pro.1
154,Herm,45,21,64,2021-01-20,15:19,marbles,G1D_45_obstacle/WIN_20210120_15_19_22_Pro.1
155,Herm,45,3,3,2021-01-20,15:32,marbles,G1D_45_obstacle/WIN_20210120_15_32_11_Pro.1
156,Herm,45,35,169,2021-01-20,15:44,marbles,G1D_45_obstacle/WIN_20210120_15_44_20_Pro.1
157,Herm,45,4,216,2021-01-20,15:54,marbles,G1D_45_obstacle/WIN_20210120_15_54_14_Pro.1
158,Herm,45,9,186,2021-01-20,16:03,marbles,G1D_45_obstacle/WIN_20210120_16_03_20_Pro.1
159,Herm,45,7,144,2021-01-20,16:15,marbles,G1D_45_obstacle/WIN_20210120_16_15_47_Pro.1
160,Herm,45,17,175,2021-01-20,16:25,marbles,G1D_45_obstacle/WIN_20210120_16_26_02_Pro.1
161,Herm,45,27,153,2021-01-20,16:37,marbles,G1D_45_obstacle/WIN_20210120_16_37_50_Pro.1
162,Herm,45,34,255,2021-01-20,16:46,marbles,G1D_45_obstacle/WIN_20210120_16_46_17_Pro.1
163,Herm,45,10,50,2021-01-20,16:54,marbles,G1D_45_obstacle/WIN_20210120_16_54_38_Pro.1
164,Herm,45,42,112,2021-02-04,16:29,marbles,G1D_45_obstacle/WIN_20210204_16_29_02_Pro
165,Herm,45,39,315,2021-01-26,13:24,marbles,G1D_45_obstacle/WIN_20210126_13_24_17_Pro.1_COMB
166,Herm,45,18,338,2021-01-26,13:37,marbles,G1D_45_obstacle/WIN_20210126_13_35_47_Pro.1
167,Herm,45,29,209,2021-01-26,13:46,marbles,G1D_45_obstacle/WIN_20210126_13_46_20_Pro.1
168,Herm,45,2,224,2021-01-26,13:55,marbles,G1D_45_obstacle/WIN_20210126_13_55_33_Pro.1
169,Herm,45,25,324,2021-01-26,15:21,marbles,G1D_45_obstacle/WIN_20210126_15_22_10_Pro.1
170,Herm,45,15,78,2021-01-26,15:36,marbles,G1D_45_obstacle/WIN_20210126_15_36_24_Pro.1
171,Herm,45,22,111,2021-01-26,15:52,marbles,G1D_45_obstacle/WIN_20210126_15_52_33_Pro.1
172,Herm,45,32,303,2021-01-26,4:07,marbles,G1D_45_obstacle/WIN_20210126_16_08_04_Pro.1
173,Herm,45,23,311,2021-01-26,16:17,marbles,G1D_45_obstacle/WIN_20210126_16_17_45_Pro.1
174,Herm,45,38,102,2021-01-26,16:29,marbles,G1D_45_obstacle/WIN_20210126_16_29_18_Pro.1
175,Herm,45,30,205,2021-01-26,16:40,marbles,G1D_45_obstacle/WIN_20210126_16_40_52_Pro.1
176,Herm,45,26,311,2021-01-26,16:53,marbles,G1D_45_obstacle/WIN_20210126_16_53_29_Pro.1
177,Herm,45,6,117,2021-01-26,17:02,marbles,G1D_45_obstacle/WIN_20210126_17_02_55_Pro.1
178,Herm,45,19,212,2021-01-26,17:22,marbles,G1D_45_obstacle/WIN_20210126_17_22_11_Pro.1
179,Herm,45,14,276,2021-01-26,17:29,marbles,G1D_45_obstacle/WIN_20210126_17_29_52_Pro.1
180,Herm,45,31,130,2021-01-26,17:37,marbles,G1D_45_obstacle/WIN_20210126_17_37_18_Pro.1
181,Herm,45,36,304,2021-01-26,17:54,marbles,G1D_45_obstacle/WIN_20210126_17_48_09_Pro.1
182,Herm,45,40,130,2021-01-26,17:55,marbles,G1D_45_obstacle/WIN_20210126_17_55_49_Pro.1
183,Herm,45,37,82,2021-01-26,18:04,marbles,G1D_45_obstacle/WIN_20210126_18_05_44_Pro.1
184,Herm,45,5,159,2021-01-27,11:58,marbles,G1D_45_obstacle/WIN_20210127_11_57_20_Pro.1
185,Herm,45,1,318,2021-01-27,12:06,marbles,G1D_45_obstacle/WIN_20210127_12_06_23_Pro.1
186,Herm,45,13,69,2021-01-27,12:16,marbles,G1D_45_obstacle/WIN_20210127_12_17_08_Pro.1
187,Herm,45,16,182,2021-01-27,12:29,marbles,G1D_45_obstacle/WIN_20210127_12_29_10_Pro.1
188,Herm,45,41,104,2021-01-27,12:40,marbles,G1D_45_obstacle/WIN_20210127_12_40_35_Pro.1
189,Herm,45,8,203,2021-01-27,12:53,marbles,G1D_45_obstacle/WIN_20210127_12_53_48_Pro.1
190,Herm,45,24,81,2021-01-27,13:04,marbles,G1D_45_obstacle/WIN_20210127_13_04_24_Pro.1
191,Herm,45,48,64,2021-03-09,10:39,marbles,G1D_45_obstacle/WIN_20210309_10_39_47_Pro
192,Herm,45,49,121,2021-03-09,10:54,marbles,G1D_45_obstacle/WIN_20210309_10_54_19_Pro
193,Herm,45,45,281,2021-03-09,11:02,marbles,G1D_45_obstacle/WIN_20210309_11_02_43_Pro
194,Herm,45,46,15,2021-03-09,11:17,marbles,G1D_45_obstacle/WIN_20210309_11_17_28_Pro
195,Herm,45,43,154,2021-03-09,11:27,marbles,G1D_45_obstacle/WIN_20210309_11_27_44_Pro
196,Herm,45,47,176,2021-03-09,11:40,marbles,G1D_45_obstacle/WIN_20210309_11_41_01_Pro
197,Herm,45,44,324,2021-03-09,11:51,marbles,G1D_45_obstacle/WIN_20210309_11_51_37_Pro
198,Herm,45,50,88,2021-03-09,11:59,marbles,G1D_45_obstacle/WIN_20210309_12_00_00_Pro
199,Herm,60,38,189,2021-02-03,10:57,marbles,G1D_60_obstacle/WIN_20210203_10_57_05_Pro
200,Herm,60,32,321,2021-02-03,11:05,marbles,G1D_60_obstacle/WIN_20210203_11_05_48_Pro
201,Herm,60,37,219,2021-02-03,11:16,marbles,G1D_60_obstacle/WIN_20210203_11_16_52_Pro
202,Herm,60,2,273,2021-02-03,11:27,marbles,G1D_60_obstacle/WIN_20210203_11_27_44_Pro
203,Herm,60,22,260,2021-02-03,11:39,marbles,G1D_60_obstacle/WIN_20210203_11_39_44_Pro
204,Herm,60,36,360,2021-02-03,11:52,marbles,G1D_60_obstacle/WIN_20210203_11_52_28_Pro
205,Herm,60,42,291,2021-02-03,12:00,marbles,G1D_60_obstacle/WIN_20210203_12_00_03_Pro
206,Herm,60,35,231,2021-02-03,12:10,marbles,G1D_60_obstacle/WIN_20210203_12_10_41_Pro
207,Herm,60,3,238,2021-02-03,12:19,marbles,G1D_60_obstacle/WIN_20210203_12_19_45_Pro
208,Herm,60,19,201,2021-02-03,12:27,marbles,G1D_60_obstacle/WIN_20210203_12_28_05_Pro
209,Herm,60,30,47,2021-02-03,15:26,marbles,G1D_60_obstacle/WIN_20210203_15_27_10_Pro
210,Herm,60,6,132,2021-02-03,15:38,marbles,G1D_60_obstacle/WIN_20210203_15_39_02_Pro
211,Herm,60,17,32,2021-02-03,15:56,marbles,G1D_60_obstacle/WIN_20210203_15_55_32_Pro
212,Herm,60,4,18,2021-02-04,11:26,marbles,G1D_60_obstacle/WIN_20210204_11_26_09_Pro
213,Herm,60,18,29,2021-02-04,11:34,marbles,G1D_60_obstacle/WIN_20210204_11_34_42_Pro
214,Herm,60,25,72,2021-02-04,11:46,marbles,G1D_60_obstacle/WIN_20210204_11_46_15_Pro
215,Herm,60,11,301,2021-02-04,12:02,marbles,G1D_60_obstacle/WIN_20210204_12_02_10_Pro
216,Herm,60,31,39,2021-02-04,12:10,marbles,G1D_60_obstacle/WIN_20210204_12_10_16_Pro
217,Herm,60,21,91,2021-02-04,12:19,marbles,G1D_60_obstacle/WIN_20210204_12_19_36_Pro
218,Herm,60,29,194,2021-02-04,12:31,marbles,G1D_60_obstacle/WIN_20210204_12_31_37_Pro
219,Herm,60,23,246,2021-02-04,12:41,marbles,G1D_60_obstacle/WIN_20210204_12_41_00_Pro
220,Herm,60,9,14,2021-02-04,12:51,marbles,G1D_60_obstacle/WIN_20210204_12_51_12_Pro
221,Herm,60,13,216,2021-02-04,13:01,marbles,G1D_60_obstacle/WIN_20210204_13_01_04_Pro
222,Herm,60,41,89,2021-02-04,13:10,marbles,G1D_60_obstacle/WIN_20210204_13_09_55_Pro
223,Herm,60,43,270,2021-02-04,16:15,marbles,G1D_60_obstacle/WIN_20210204_16_14_44_Pro
224,Herm,60,40,189,2021-02-04,13:19,marbles,G1D_60_obstacle/WIN_20210204_13_19_10_Pro
225,Herm,60,27,31,2021-03-08,11:50,marbles,G1D_60_obstacle/WIN_20210308_11_50_44_Pro
226,Herm,60,24,82,2021-03-08,11:58,marbles,G1D_60_obstacle/WIN_20210308_11_58_13_Pro
227,Herm,60,47,23,2021-03-08,14:22,marbles,G1D_60_obstacle/WIN_20210308_14_22_47_Pro
228,Herm,60,28,154,2021-03-08,14:07,marbles,G1D_60_obstacle/WIN_20210308_14_07_34_Pro
229,Herm,60,46,320,2021-03-08,14:34,marbles,G1D_60_obstacle/WIN_20210308_14_34_58_Pro
230,Herm,60,34,109,2021-03-08,14:44,marbles,G1D_60_obstacle/WIN_20210308_14_44_15_Pro
231,Herm,60,14,268,2021-03-08,14:56,marbles,G1D_60_obstacle/WIN_20210308_14_56_00_Pro
232,Herm,60,49,17,2021-03-08,15:06,marbles,G1D_60_obstacle/WIN_20210308_15_07_04_Pro
233,Herm,60,26,286,2021-03-08,15:14,marbles,G1D_60_obstacle/WIN_20210308_15_14_32_Pro
234,Herm,60,48,176,2021-03-08,15:22,marbles,G1D_60_obstacle/WIN_20210308_15_22_10_Pro
235,Herm,60,16,2,2021-03-08,15:49,marbles,G1D_60_obstacle/WIN_20210308_15_49_08_Pro
236,Herm,60,1,252,2021-03-08,15:56,marbles,G1D_60_obstacle/WIN_20210308_15_57_13_Pro
237,Herm,60,39,174,2021-03-08,16:09,marbles,G1D_60_obstacle/WIN_20210308_16_10_01_Pro
238,Herm,60,50,282,2021-03-08,17:15,marbles,G1D_60_obstacle/WIN_20210308_17_15_33_Pro
239,Herm,60,7,117,2021-03-08,17:28,marbles,G1D_60_obstacle/WIN_20210308_17_28_58_Pro
240,Herm,60,8,348,2021-03-08,17:35,marbles,G1D_60_obstacle/WIN_20210308_17_35_38_Pro
241,Herm,60,15,40,2021-03-08,17:43,marbles,G1D_60_obstacle/WIN_20210308_17_43_35_Pro_COMB
242,Herm,60,43,201,2021-03-08,17:51,marbles,G1D_60_obstacle/WIN_20210308_17_52_02_Pro
243,Herm,60,45,5,2021-03-08,18:00,marbles,G1D_60_obstacle/WIN_20210308_18_02_31_Pro
244,Herm,60,12,180,2021-03-08,18:12,marbles,G1D_60_obstacle/WIN_20210308_18_12_32_Pro
245,Herm,60,20,47,2021-03-08,18:24,marbles,G1D_60_obstacle/WIN_20210308_18_24_26_Pro
246,Herm,60,33,91,2021-03-08,18:34,marbles,G1D_60_obstacle/WIN_20210308_18_34_13_Pro
247,Herm,60,5,275,2021-03-08,18:47,marbles,G1D_60_obstacle/WIN_20210308_18_47_11_Pro
248,Herm,60,44,264,2021-03-08,18:55,marbles,G1D_60_obstacle/WIN_20210308_18_55_16_Pro
249,Herm,60,10,235,2021-03-08,19:08,marbles,G1D_60_obstacle/WIN_20210308_19_06_19_Pro
250,Herm,150,28,157,2021-01-18,16:47,marbles,G1D_150_obstacle/WIN_20210118_16_48_00_Pro
251,Herm,150,22,198,2021-01-18,18:34,marbles,G1D_150_obstacle/WIN_20210118_18_32_08_Pro
252,Herm,150,8,86,2021-01-18,15:26,marbles,G1D_150_obstacle/WIN_20210118_15_26_19_Pro
253,Herm,150,37,51,2021-01-18,15:39,marbles,G1D_150_obstacle/WIN_20210118_15_39_44_Pro
254,Herm,150,42,107,2021-01-18,15:59,marbles,G1D_150_obstacle/WIN_20210118_15_59_17_Pro
255,Herm,150,15,212,2021-01-18,18:40,marbles,G1D_150_obstacle/WIN_20210118_18_39_24_Pro
256,Herm,150,9,145,2021-01-18,18:49,marbles,G1D_150_obstacle/WIN_20210118_18_49_50_Pro_COMB
257,Herm,150,1,23,2021-01-18,19:00,marbles,G1D_150_obstacle/WIN_20210118_19_00_25_Pro
258,Herm,150,21,30,2021-01-19,11:31,marbles,G1D_150_obstacle/WIN_20210119_11_31_19_Pro
259,Herm,150,6,84,2021-01-19,11:46,marbles,G1D_150_obstacle/WIN_20210119_11_46_20_Pro
260,Herm,150,23,247,2021-01-19,11:56,marbles,G1D_150_obstacle/WIN_20210119_11_56_45_Pro
261,Herm,150,26,232,2021-01-19,12:21,marbles,G1D_150_obstacle/WIN_20210119_12_11_31_Pro
262,Herm,150,34,6,2021-01-19,12:33,marbles,G1D_150_obstacle/WIN_20210119_12_33_57_Pro
263,Herm,150,17,92,2021-01-19,12:46,marbles,G1D_150_obstacle/WIN_20210119_12_46_26_Pro
264,Herm,150,5,345,2021-01-19,12:58,marbles,G1D_150_obstacle/WIN_20210119_12_58_52_Pro
265,Herm,150,2,159,2021-01-19,13:07,marbles,G1D_150_obstacle/WIN_20210119_13_07_34_Pro
266,Herm,150,4,68,2021-01-19,14:27,marbles,G1D_150_obstacle/WIN_20210119_14_27_27_Pro
267,Herm,150,11,18,2021-01-19,14:35,marbles,G1D_150_obstacle/WIN_20210119_14_41_17_Pro
268,Herm,150,39,358,2021-01-19,15:55,marbles,G1D_150_obstacle/WIN_20210119_14_56_11_Pro
269,Herm,150,27,25,2021-01-19,16:03,marbles,G1D_150_obstacle/WIN_20210119_16_03_44_Pro
270,Herm,150,14,307,2021-01-19,16:11,marbles,G1D_150_obstacle/WIN_20210119_16_11_42_Pro
271,Herm,150,7,54,2021-01-19,16:22,marbles,G1D_150_obstacle/WIN_20210119_16_22_54_Pro
272,Herm,150,12,223,2021-01-19,16:35,marbles,G1D_150_obstacle/WIN_20210119_16_35_56_Pro
273,Herm,150,15,119,2021-01-19,16:50,marbles,G1D_150_obstacle/WIN_20210119_16_49_42_Pro
274,Herm,150,24,274,2021-01-19,17:01,marbles,G1D_150_obstacle/WIN_20210119_17_01_46_Pro
275,Herm,150,33,308,2021-01-19,17:27,marbles,G1D_150_obstacle/WIN_20210119_17_28_04_Pro
276,Herm,150,32,7,2021-01-19,17:38,marbles,G1D_150_obstacle/WIN_20210119_17_38_49_Pro
277,Herm,150,14,154,2021-01-19,17:53,marbles,G1D_150_obstacle/WIN_20210119_17_53_30_Pro
278,Herm,150,30,169,2021-01-19,18:01,marbles,G1D_150_obstacle/WIN_20210119_18_01_35_Pro
279,Herm,150,3,170,2021-01-19,18:12,marbles,G1D_150_obstacle/WIN_20210119_18_12_26_Pro
280,Herm,150,36,248,2021-01-19,18:33,marbles,G1D_150_obstacle/WIN_20210119_18_33_44_Pro
281,Herm,150,13,151,2021-01-19,18:42,marbles,G1D_150_obstacle/WIN_20210119_18_42_29_Pro_COMB
282,Herm,150,48,256,2021-03-11,12:15,marbles,G1D_150_obstacle/WIN_20210311_12_15_44_Pro
283,Herm,150,46,296,2021-03-11,12:26,marbles,G1D_150_obstacle/WIN_20210311_12_27_09_Pro
284,Herm,150,45,157,2021-03-11,12:37,marbles,G1D_150_obstacle/WIN_20210311_12_37_29_Pro
285,Herm,150,16,151,2021-03-11,12:49,marbles,G1D_150_obstacle/WIN_20210311_12_49_08_Pro
286,Herm,150,44,204,2021-03-11,13:00,marbles,G1D_150_obstacle/WIN_20210311_13_00_19_Pro
287,Herm,150,40,121,2021-03-11,13:09,marbles,G1D_150_obstacle/WIN_20210311_13_10_00_Pro
288,Herm,150,47,149,2021-03-11,17:05,marbles,G1D_150_obstacle/WIN_20210311_17_05_53_Pro
289,Herm,150,35,273,2021-03-11,17:15,marbles,G1D_150_obstacle/WIN_20210311_17_15_26_Pro
290,Herm,150,49,11,2021-03-11,17:23,marbles,G1D_150_obstacle/WIN_20210311_17_23_52_Pro
291,Herm,150,29,174,2021-03-11,17:32,marbles,G1D_150_obstacle/WIN_20210311_17_33_01_Pro
292,Herm,150,43,340,2021-03-11,17:41,marbles,G1D_150_obstacle/WIN_20210311_17_41_28_Pro
293,Herm,150,41,209,2021-03-11,17:55,marbles,G1D_150_obstacle/WIN_20210311_17_55_28_Pro
294,Herm,150,50,181,2021-03-11,18:05,marbles,G1D_150_obstacle/WIN_20210311_18_06_07_Pro
295,Herm,150,31,351,2021-03-11,18:17,marbles,G1D_150_obstacle/WIN_20210311_18_17_23_Pro
296,Herm,150,25,252,2021-03-11,18:29,marbles,G1D_150_obstacle/WIN_20210311_18_29_20_Pro
297,Herm,150,14,158,2020-12-07,12:12,none,G1D_150_no_obstacle/WIN_20201207_12_12_42_Pro
298,Herm,150,1,247,2020-12-07,12:25,none,G1D_150_no_obstacle/WIN_20201207_12_25_13_Pro
299,Herm,150,3,78,2020-12-07,12:45,none,G1D_150_no_obstacle/WIN_20201207_12_45_28_Pro
300,Herm,150,31,25,2020-12-07,13:04,none,G1D_150_no_obstacle/WIN_20201207_13_04_00_Pro
301,Herm,150,9,131,2020-12-07,14:03,none,G1D_150_no_obstacle/WIN_20201207_14_03_24_Pro
302,Herm,150,5,100,2020-12-07,14:13,none,G1D_150_no_obstacle/WIN_20201207_14_13_41_Pro
303,Herm,150,22,80,2020-12-09,11:59,none,G1D_150_no_obstacle/WIN_20201209_11_59_55_Pro
304,Herm,150,21,193,2020-12-11,12:03,none,G1D_150_no_obstacle/WIN_20201211_12_03_42_Pro
305,Herm,150,33,313,2020-12-09,12:03,none,G1D_150_no_obstacle/WIN_20201209_12_14_09_Pro
306,Herm,150,8,124,2020-12-09,12:26,none,G1D_150_no_obstacle/WIN_20201209_12_26_36_Pro_COMB
307,Herm,150,35,21,2020-12-09,12:38,none,G1D_150_no_obstacle/WIN_20201209_12_38_20_Pro
308,Herm,150,12,136,2020-12-09,12:49,none,G1D_150_no_obstacle/WIN_20201209_12_49_33_Pro
309,Herm,150,15,1,2020-12-09,15:35,none,G1D_150_no_obstacle/WIN_20201209_15_35_20_Pro
310,Herm,150,28,357,2020-12-09,15:48,none,G1D_150_no_obstacle/WIN_20201209_15_48_54_Pro
311,Herm,150,27,294,2020-12-09,15:59,none,G1D_150_no_obstacle/WIN_20201209_15_59_42_Pro
312,Herm,150,36,65,2020-12-09,16:09,none,G1D_150_no_obstacle/WIN_20201209_16_09_13_Pro
313,Herm,150,38,107,2020-12-09,16:21,none,G1D_150_no_obstacle/WIN_20201209_16_21_42_Pro
314,Herm,150,34,135,2020-12-09,16:35,none,G1D_150_no_obstacle/WIN_20201209_16_35_39_Pro
315,Herm,150,42,323,2020-12-09,16:47,none,G1D_150_no_obstacle/WIN_20201209_16_47_22_Pro
316,Herm,150,40,271,2020-12-09,17:00,none,G1D_150_no_obstacle/WIN_20201209_17_00_40_Pro_COMB
317,Herm,150,10,145,2020-12-09,17:10,none,G1D_150_no_obstacle/WIN_20201209_17_10_46_Pro
318,Herm,150,18,165,2020-12-09,17:22,none,G1D_150_no_obstacle/WIN_20201209_17_22_22_Pro
319,Herm,150,13,53,2020-12-09,17:48,none,G1D_150_no_obstacle/WIN_20201209_17_48_42_Pro
320,Herm,150,26,272,2020-12-11,12:18,none,G1D_150_no_obstacle/WIN_20201211_12_18_22_Pro
321,Herm,150,29,356,2020-12-11,12:27,none,G1D_150_no_obstacle/WIN_20201211_12_27_58_Pro
322,Herm,150,41,300,2020-12-10,11:46,none,G1D_150_no_obstacle/WIN_20201210_11_46_13_Pro
323,Herm,150,23,174,2020-12-10,12:02,none,G1D_150_no_obstacle/WIN_20201210_12_02_10_Pro
324,Herm,150,32,328,2020-12-10,12:13,none,G1D_150_no_obstacle/WIN_20201210_12_13_19_Pro
325,Herm,150,11,328,2020-12-10,12:27,none,G1D_150_no_obstacle/WIN_20201210_12_28_17_Pro
326,Herm,150,25,257,2020-12-10,12:43,none,G1D_150_no_obstacle/WIN_20201210_12_43_06_Pro_COMB
327,Herm,150,24,349,2020-12-10,12:58,none,G1D_150_no_obstacle/WIN_20201210_12_58_54_Pro
328,Herm,150,16,301,2020-12-10,15:45,none,G1D_150_no_obstacle/WIN_20201210_15_44_55_Pro
329,Herm,150,20,131,2020-12-10,15:54,none,G1D_150_no_obstacle/WIN_20201210_15_54_25_Pro
330,Herm,150,4,264,2020-12-10,16:02,none,G1D_150_no_obstacle/WIN_20201210_16_02_24_Pro
331,Herm,150,7,104,2020-12-10,16:14,none,G1D_150_no_obstacle/WIN_20201210_16_14_09_Pro
332,Herm,150,19,151,2020-12-10,17:32,none,G1D_150_no_obstacle/WIN_20201210_17_32_43_Pro
333,Herm,150,37,272,2020-12-10,17:46,none,G1D_150_no_obstacle/WIN_20201210_17_46_41_Pro
334,Herm,150,30,348,2020-12-10,18:00,none,G1D_150_no_obstacle/WIN_20201210_18_00_30_Pro_COMB
335,Herm,150,6,239,2020-12-10,11:47,none,G1D_150_no_obstacle/WIN_20201211_11_47_44_Pro
336,Herm,150,14,158,2020-12-14,17:00,none,G1D_150_no_obstacle/WIN_20201214_17_00_19_Pro
337,Herm,150,1,247,2020-12-14,17:09,none,G1D_150_no_obstacle/WIN_20201214_17_09_48_Pro
338,Herm,150,3,78,2020-12-14,17:19,none,G1D_150_no_obstacle/WIN_20201214_17_20_07_Pro
339,Herm,150,31,25,2020-12-14,17:34,none,G1D_150_no_obstacle/WIN_20201214_17_34_14_Pro
340,Herm,150,9,131,2020-12-14,17:44,none,G1D_150_no_obstacle/WIN_20201214_17_45_00_Pro
341,Herm,150,5,100,2020-12-14,17:55,none,G1D_150_no_obstacle/WIN_20201214_17_55_21_Pro
342,Herm,150,22,80,2020-12-15,12:17,none,G1D_150_no_obstacle/WIN_20201215_12_17_56_Pro
343,Herm,150,21,193,2020-12-15,12:28,none,G1D_150_no_obstacle/WIN_20201215_12_27_52_Pro
344,Herm,150,33,313,2020-12-15,12:40,none,G1D_150_no_obstacle/WIN_20201215_12_40_59_Pro
345,Herm,150,8,124,2020-12-15,12:54,none,G1D_150_no_obstacle/WIN_20201215_12_54_46_Pro
346,Herm,150,35,21,2020-12-15,13:03,none,G1D_150_no_obstacle/WIN_20201215_13_03_55_Pro
347,Herm,150,12,136,2020-12-15,13:13,none,G1D_150_no_obstacle/WIN_20201215_13_13_09_Pro_COMB
348,Herm,150,22,80,2020-12-07,18:31,none,G1D_150_no_obstacle/WIN_20201207_18_31_00_Pro
349,Herm,150,21,193,2020-12-07,18:48,none,G1D_150_no_obstacle/WIN_20201207_18_48_28_Pro
350,Herm,150,26,272,2020-12-09,18:50,none,G1D_150_no_obstacle/WIN_20201209_18_50_03_Pro
351,Herm,150,29,356,2020-12-09,19:02,none,G1D_150_no_obstacle/WIN_20201209_19_02_33_Pro
352,Herm,150,14,90,2020-12-20,14:50,none,G1D_150_no_obstacle/WIN_20201220_14_50_35_Pro
353,Herm,150,1,143,2020-12-20,15:10,none,G1D_150_no_obstacle/WIN_20201220_15_05_51_Pro
354,Herm,150,3,333,2020-12-20,15:21,none,G1D_150_no_obstacle/WIN_20201220_15_20_53_Pro_COMB
355,Herm,150,31,117,2020-12-20,15:41,none,G1D_150_no_obstacle/WIN_20201220_15_41_33_Pro
356,Herm,150,9,32,2020-12-20,15:50,none,G1D_150_no_obstacle/WIN_20201220_15_56_31_Pro
357,Herm,150,5,172,2020-12-20,16:00,none,G1D_150_no_obstacle/WIN_20201220_16_20_33_Pro
358,Herm,150,22,314,2020-12-20,16:33,none,G1D_150_no_obstacle/WIN_20201220_16_33_20_Pro
359,Herm,150,21,299,2020-12-20,16:45,none,G1D_150_no_obstacle/WIN_20201220_16_47_00_Pro_COMB
360,Herm,150,33,161,2020-12-20,16:58,none,G1D_150_no_obstacle/WIN_20201220_16_58_48_Pro
361,Herm,150,8,150,2020-12-20,17:13,none,G1D_150_no_obstacle/WIN_20201220_17_13_20_Pro
362,Herm,150,35,66,2020-12-21,17:27,none,G1D_150_no_obstacle/WIN_20201221_17_27_23_Pro
363,Herm,150,12,62,2020-12-21,17:15,none,G1D_150_no_obstacle/WIN_20201221_17_15_32_Pro
364,Herm,150,15,222,2020-12-21,17:34,none,G1D_150_no_obstacle/WIN_20201221_17_35_04_Pro
365,Herm,150,28,256,2020-12-21,17:48,none,G1D_150_no_obstacle/WIN_20201221_17_48_04_Pro
366,Herm,150,27,132,2020-12-21,17:57,none,G1D_150_no_obstacle/WIN_20201221_17_57_58_Pro
367,Herm,150,36,326,2020-12-21,18:08,none,G1D_150_no_obstacle/WIN_20201221_18_08_31_Pro
368,Herm,150,38,44,2020-12-21,18:15,none,G1D_150_no_obstacle/WIN_20201221_18_16_01_Pro
369,Herm,150,34,19,2020-12-21,18:27,none,G1D_150_no_obstacle/WIN_20201221_18_27_41_Pro
370,Herm,150,40,119,2020-12-21,18:46,none,G1D_150_no_obstacle/WIN_20201221_18_46_51_Pro_COMB
371,Herm,150,10,128,2020-12-21,18:55,none,G1D_150_no_obstacle/WIN_20201221_18_55_41_Pro
372,Herm,150,18,10,2020-12-21,19:07,none,G1D_150_no_obstacle/WIN_20201221_19_07_04_Pro
373,Herm,150,13,213,2020-12-22,10:14,none,G1D_150_no_obstacle/WIN_20201222_10_14_11_Pro
374,Herm,150,26,41,2020-12-22,10:27,none,G1D_150_no_obstacle/WIN_20201222_10_27_45_Pro
375,Herm,150,29,216,2020-12-22,10:37,none,G1D_150_no_obstacle/WIN_20201222_10_38_14_Pro
376,Herm,150,41,139,2020-12-22,11:03,none,G1D_150_no_obstacle/WIN_20201222_11_03_41_Pro
377,Herm,150,23,241,2020-12-22,11:41,none,G1D_150_no_obstacle/WIN_20201222_11_41_49_Pro
378,Herm,150,32,194,2020-12-22,11:50,none,G1D_150_no_obstacle/WIN_20201222_11_50_36_Pro
379,Herm,150,39,270,2020-12-22,11:58,none,G1D_150_no_obstacle/WIN_20201222_11_58_36_Pro
380,Herm,150,11,133,2020-12-22,12:11,none,G1D_150_no_obstacle/WIN_20201222_12_11_22_Pro
381,Herm,150,25,76,2020-12-22,12:19,none,G1D_150_no_obstacle/WIN_20201222_12_19_17_Pro
382,Herm,150,24,159,2020-12-22,12:32,none,G1D_150_no_obstacle/WIN_20201222_12_32_51_Pro
383,Herm,150,16,16,2020-12-22,12:42,none,G1D_150_no_obstacle/WIN_20201222_12_42_21_Pro
384,Herm,150,20,355,2020-12-22,12:52,none,G1D_150_no_obstacle/WIN_20201222_12_52_22_Pro
385,Herm,150,4,234,2020-12-22,16:15,none,G1D_150_no_obstacle/WIN_20201222_16_15_42_Pro
386,Herm,150,7,8,2020-12-22,16:34,none,G1D_150_no_obstacle/WIN_20201222_16_34_55_Pro
387,Herm,150,19,266,2020-12-22,17:37,none,G1D_150_no_obstacle/WIN_20201222_17_37_02_Pro
388,Herm,150,37,300,2020-12-22,17:38,none,G1D_150_no_obstacle/WIN_20201222_17_45_48_Pro
389,Herm,150,30,38,2020-12-22,17:55,none,G1D_150_no_obstacle/WIN_20201222_17_56_10_Pro
390,Herm,150,6,239,2020-12-22,18:04,none,G1D_150_no_obstacle/WIN_20201222_18_04_49_Pro
391,Herm,150,14,331,2020-12-23,14:40,none,G1D_150_no_obstacle/WIN_20201223_14_43_18_Pro
392,Herm,150,1,248,2020-12-23,14:51,none,G1D_150_no_obstacle/WIN_20201223_14_51_20_Pro
393,Herm,150,3,264,2020-12-23,14:59,none,G1D_150_no_obstacle/WIN_20201223_14_59_51_Pro
394,Herm,150,31,231,2020-12-23,15:13,none,G1D_150_no_obstacle/WIN_20201223_15_13_24_Pro
395,Herm,150,9,256,2020-12-23,15:25,none,G1D_150_no_obstacle/WIN_20201223_15_25_38_Pro
396,Herm,150,5,107,2020-12-23,15:35,none,G1D_150_no_obstacle/WIN_20201223_15_36_02_Pro
397,Herm,150,22,59,2020-12-23,16:00,none,G1D_150_no_obstacle/WIN_20201223_16_00_43_Pro
398,Herm,150,21,218,2020-12-23,16:08,none,G1D_150_no_obstacle/WIN_20201223_16_08_57_Pro
399,Herm,150,33,6,2020-12-23,16:19,none,G1D_150_no_obstacle/WIN_20201223_16_19_04_Pro
400,Herm,150,8,58,2020-12-24,11:30,none,G1D_150_no_obstacle/WIN_20201224_11_31_08_Pro
401,Herm,150,35,168,2020-12-24,12:04,none,G1D_150_no_obstacle/WIN_20201224_12_04_56_Pro
402,Herm,150,12,161,2020-12-24,12:21,none,G1D_150_no_obstacle/WIN_20201224_12_21_46_Pro
